city_ascii,lat,lon,country,iso2,population
Tokyo,35.6839,139.7744,Japan,JP,39105000
Jakarta,-6.2146,106.8451,Indonesia,ID,35362000
Delhi,28.6667,77.2167,India,IN,31870000
Manila,14.6,120.9833,Philippines,PH,23971000
Sao Paulo,-23.5504,-46.6339,Brazil,BR,22495000
Seoul,37.56,126.99,South Korea,KR,22394000
Mumbai,19.0758,72.8775,India,IN,22186000
Shanghai,31.1667,121.4667,China,CN,22118000
Mexico City,19.4333,-99.1333,Mexico,MX,21505000
Guangzhou,23.1288,113.259,China,CN,21489000
Cairo,30.0444,31.2358,Egypt,EG,19787000
Beijing,39.904,116.4075,China,CN,19437000
New York,40.6943,-73.9249,United States,US,18713220
Kolkata,22.5727,88.3639,India,IN,18698000
Moscow,55.7558,37.6178,Russia,RU,17693000
Bangkok,13.75,100.5167,Thailand,TH,17573000
Dhaka,23.7289,90.3944,Bangladesh,BD,16839000
Buenos Aires,-34.5997,-58.3819,Argentina,AR,16216000
Osaka,34.752,135.4582,Japan,JP,15490000
Lagos,6.45,3.4,Nigeria,NG,15487000
Istanbul,41.01,28.9603,Turkey,TR,15311000
Karachi,24.86,67.01,Pakistan,PK,15292000
Kinshasa,-4.3317,15.3139,Congo (Kinshasa),CD,15056000
Shenzhen,22.535,114.054,China,CN,14678000
Bangalore,12.9791,77.5913,India,IN,13999000
Ho Chi Minh City,10.8167,106.6333,Vietnam,VN,13954000
Tehran,35.7,51.4167,Iran,IR,13819000
Los Angeles,34.1139,-118.4068,United States,US,12750807
Rio de Janeiro,-22.9083,-43.1964,Brazil,BR,12486000
Chengdu,30.66,104.0633,China,CN,11920000
Baoding,38.8671,115.4845,China,CN,11860000
Chennai,13.0825,80.275,India,IN,11564000
Lahore,31.5497,74.3436,Pakistan,PK,11148000
London,51.5072,-0.1275,United Kingdom,GB,11120000
Paris,48.8566,2.3522,France,FR,11027000
Tianjin,39.1467,117.2056,China,CN,10932000
Linyi,35.0606,118.3425,China,CN,10820000
Shijiazhuang,38.0422,114.5086,China,CN,10784600
Zhengzhou,34.7492,113.6605,China,CN,10136000
Nanyang,32.9987,112.5292,China,CN,10013600
Hyderabad,17.3617,78.4747,India,IN,9840000
Wuhan,30.5872,114.2881,China,CN,9729000
Handan,36.6116,114.4894,China,CN,9549700
Nagoya,35.1167,136.9333,Japan,JP,9522000
Weifang,36.7167,119.1,China,CN,9373000
Lima,-12.06,-77.0375,Peru,PE,8992000
Zhoukou,33.625,114.6418,China,CN,8953172
Luanda,-8.8383,13.2344,Angola,AO,8883000
Ganzhou,25.8292,114.9336,China,CN,8677600
Tongshan,34.261,117.1859,China,CN,8669000
Kuala Lumpur,3.1478,101.6953,Malaysia,MY,8639000
Chicago,41.8373,-87.6862,United States,US,8604203
Heze,35.2333,115.4333,China,CN,8287693
Chongqing,29.55,106.5069,China,CN,8261000
Hanoi,21.0245,105.8412,Vietnam,VN,8246600
Fuyang,32.8986,115.8045,China,CN,8200264
Changsha,28.1987,112.9709,China,CN,8154700
Dongguan,23.0475,113.7493,China,CN,8142000
Jining,35.4,116.5667,China,CN,8081905
Jinan,36.6667,116.9833,China,CN,7967400
Pune,18.5196,73.8553,India,IN,7948000
Foshan,23.0292,113.1056,China,CN,7905700
Bogota,4.6126,-74.0705,Colombia,CO,7743955
Ahmedabad,23.03,72.58,India,IN,7717000
Nanjing,32.05,118.7667,China,CN,7729000
Changchun,43.9,125.2,China,CN,7674439
Tangshan,39.6292,118.1742,China,CN,7577289
Cangzhou,38.3037,116.8452,China,CN,7544300
Dar es Salaam,-6.8,39.2833,Tanzania,TZ,7461000
Hefei,31.8639,117.2808,China,CN,7457027
Hong Kong,22.3069,114.1831,Hong Kong,HK,7398000
Shaoyang,27.2418,111.4725,China,CN,7370500
Zhanjiang,21.1967,110.4031,China,CN,7332000
Shangqiu,34.4259,115.6467,China,CN,7325300
Nantong,31.9829,120.8873,China,CN,7283622
Yancheng,33.3936,120.1339,China,CN,7260240
Nanning,22.8192,108.315,China,CN,7254100
Hengyang,26.8968,112.5857,China,CN,7243400
Zhumadian,32.9773,114.0253,China,CN,7231234
Shenyang,41.8039,123.4258,China,CN,7208000
Xingtai,37.0659,114.4753,China,CN,7104103
Xi'an,34.2667,108.9,China,CN,7090000
Santiago,-33.45,-70.6667,Chile,CL,7026000
Yantai,37.3997,121.2664,China,CN,6968202
Riyadh,24.65,46.71,Saudi Arabia,SA,6889000
Luoyang,34.6587,112.4245,China,CN,6888500
Kunming,25.0433,102.7061,China,CN,6850000
Shangrao,28.4419,117.9633,China,CN,6810700
Hangzhou,30.25,120.1675,China,CN,6713000
Bijie,27.3019,105.2863,China,CN,6686100
Quanzhou,24.9139,118.5858,China,CN,6480000
Miami,25.7839,-80.2102,United States,US,6445545
Wuxi,31.5667,120.2833,China,CN,6372624
Huanggang,30.45,114.875,China,CN,6333000
Maoming,21.6618,110.9178,China,CN,6313200
Nanchong,30.7991,106.0784,China,CN,6278614
Zunyi,27.705,106.9336,China,CN,6270700
Qujing,25.5102,103.8029,China,CN,6155400
Baghdad,33.35,44.4167,Iraq,IQ,6107000
Xinyang,32.1264,114.0672,China,CN,6109106
Jieyang,23.5533,116.3649,China,CN,6089400
Khartoum,15.6031,32.5265,Sudan,SD,6017000
Madrid,40.4167,-3.7167,Spain,ES,6006000
Allahabad,25.45,81.85,India,IN,5954391
Yulin,22.6293,110.1507,China,CN,5849700
Changde,29.0397,111.6839,China,CN,5827200
Liaocheng,36.45,115.9833,China,CN,5789863
Qingdao,36.1167,120.4,China,CN,5775000
Dallas,32.7936,-96.7662,United States,US,5743938
Nangandao,35.2992,113.8851,China,CN,5708191
Xiangyang,32.0654,112.1531,China,CN,5680000
Philadelphia,40.0077,-75.1339,United States,US,5649300
Giza,29.987,31.2118,Egypt,EG,5598402
Lu'an,31.7542,116.5078,China,CN,5611701
Zhaotong,27.3328,103.7144,China,CN,5591000
Yichun,27.8041,114.383,China,CN,5573200
Dezhou,37.4513,116.3105,China,CN,5568235
Nairobi,-1.2864,36.8172,Kenya,KE,5545000
Nanchang,28.6842,115.8872,China,CN,5545500
Tai'an,36.2001,117.0809,China,CN,5494207
Dazhou,31.2152,107.4947,China,CN,5468097
Houston,29.7863,-95.3889,United States,US,5464251
Guadalajara,20.6767,-103.3475,Mexico,MX,5437000
Yongzhou,26.4515,111.5953,China,CN,5452100
Atlanta,33.7627,-84.4224,United States,US,5449398
Rangoon,16.795,96.16,Myanmar,MM,5430000
Toronto,43.7417,-79.3733,Canada,CA,5429524
Suihua,46.6384,126.9808,China,CN,5418153
Saint Petersburg,59.95,30.3167,Russia,RU,5384342
Washington,38.9047,-77.0163,United States,US,5379184
Qiqihar,47.3398,123.9512,China,CN,5367003
Suzhou,33.6333,116.9683,China,CN,5352924
Shantou,23.3735,116.6941,China,CN,5319028
Weinan,34.4996,109.4684,China,CN,5286077
Changzhou,31.8122,119.9692,China,CN,5278121
Singapore,1.3,103.8,Singapore,SG,5271000
Fuzhou,26.0769,119.2917,China,CN,5245000
Pudong,31.2231,121.5397,China,CN,5187200
Belo Horizonte,-19.9281,-43.9419,Brazil,BR,5159000
Zhangzhou,24.5093,117.6612,China,CN,5140000
Yuncheng,35.0304,110.998,China,CN,5134779
Suzhou,31.304,120.6164,China,CN,5103000
Xianyang,34.35,108.7167,China,CN,5096001
Guilin,25.2667,110.2833,China,CN,5085500
Taizhou,32.4831,119.9,China,CN,5031000
Abidjan,5.3364,-4.0267,CÃ´te d'Ivoire,CI,4980000
Huaihua,27.5494,109.9592,China,CN,4979600
Ji'an,27.1172,114.9793,China,CN,4956600
Xiaoganzhan,30.9273,113.911,China,CN,4921000
Pingdingshan,33.735,113.2999,China,CN,4904701
Jiujiang,29.7048,116.0021,China,CN,4896800
Surat,21.17,72.83,India,IN,4875000
Guiyang,26.5794,106.7078,China,CN,4881900
Alexandria,31.2,29.9167,Egypt,EG,4870000
Bozhou,33.8626,115.7742,China,CN,4850657
Sydney,-33.865,151.2094,Australia,AU,4840600
Huizhou,23.1115,114.4152,China,CN,4830000
Huai'an,33.5,119.1331,China,CN,4799889
Chenzhou,25.7989,113.0267,China,CN,4744500
Barcelona,41.3825,2.1769,Spain,ES,4735000
Anqing,30.5,117.0333,China,CN,4723000
Suqian,33.9331,118.2831,China,CN,4719178
Boston,42.3188,-71.0846,United States,US,4688346
Jiangmen,22.5833,113.0833,China,CN,4630300
Mianyang,31.4669,104.7385,China,CN,4613862
Harbin,45.75,126.6333,China,CN,4583000
Huanglongsi,34.7936,114.3403,China,CN,4564900
Melbourne,-37.8136,144.9631,Australia,AU,4529500
Zibo,36.7831,118.0497,China,CN,4530597
Dalian,38.9,121.6,China,CN,4480000
Hengshui,37.7348,115.686,China,CN,4472000
Yibin,28.7596,104.64,China,CN,4471896
Yangzhou,32.3912,119.4363,China,CN,4459760
Timbio,2.3528,-76.6819,Colombia,CO,4444444
Johannesburg,-26.2044,28.0416,South Africa,ZA,4434827
Yiyang,28.5833,112.3333,China,CN,4413800
Guigang,23.0961,109.6092,China,CN,4409200
Xinpu,34.5906,119.1801,China,CN,4393482
Meizhou,24.2998,116.1191,China,CN,4378800
Casablanca,33.5992,-7.62,Morocco,MA,4370000
Langfang,39.5196,116.7006,China,CN,4358839
Zhangjiakou,40.8108,114.8811,China,CN,4345485
Chifeng,42.2663,118.9223,China,CN,4341245
Linfen,36.0812,111.5087,China,CN,4316610
Jiangguanchi,34.0244,113.8201,China,CN,4307488
Kabul,34.5328,69.1658,Afghanistan,AF,4273156
Phoenix,33.5722,-112.0891,United States,US,4219697
Luzhou,28.8918,105.4409,China,CN,4218427
Taiyuan,37.8733,112.5425,China,CN,4201592
Zhaoqing,23.05,112.4667,China,CN,4151700
Xiaoxita,30.7083,111.2803,China,CN,4137900
Xiamen,24.4797,118.0819,China,CN,4110000
Fuzhou,27.9814,116.3577,China,CN,4047200
Liuzhou,24.3264,109.4281,China,CN,4041700
Zhuzhou,27.8407,113.1469,China,CN,4020800
Amman,31.95,35.9333,Jordan,JO,4007526
Jeddah,21.5428,39.1728,Saudi Arabia,SA,3976000
Chuzhou,32.3062,118.3115,China,CN,3937868
Loudi,27.7378,111.9974,China,CN,3931800
Deyang,31.1289,104.395,China,CN,3877000
Qingyuan,23.6842,113.0507,China,CN,3874000
Kano,12,8.5167,Nigeria,NG,3848885
Wuhu,31.334,118.3622,China,CN,3842100
Seattle,47.6211,-122.3244,United States,US,3789215
Yokohama,35.4333,139.6333,Japan,JP,3757630
Binzhou,37.3806,118.0125,China,CN,3748474
Baojishi,34.3609,107.1751,China,CN,3738700
Zaozhuang,34.8667,117.55,China,CN,3729140
Neijiang,29.5872,105.0635,China,CN,3702847
Baicheng,23.901,106.6194,China,CN,3669400
Berlin,52.5167,13.3833,Germany,DE,3664088
Anshan,41.1066,122.9895,China,CN,3645884
Lanzhou,36.0617,103.8318,China,CN,3616163
Puyang,35.7639,115.03,China,CN,3598740
San Francisco,37.7562,-122.443,United States,US,3592294
Jiaozuo,35.229,113.2304,China,CN,3590700
Hechi,24.6928,108.085,China,CN,3545700
Montreal,45.5089,-73.5617,Canada,CA,3519595
Detroit,42.3834,-83.1024,United States,US,3506126
Chengde,40.9739,117.9322,China,CN,3473201
Busan,35.1,129.0403,South Korea,KR,3453198
Algiers,36.7764,3.0586,Algeria,DZ,3415811
Hanzhong,33.0794,107.026,China,CN,3416196
Shiyan,32.6351,110.7755,China,CN,3398000
Lucknow,26.847,80.947,India,IN,3382000
Siping,43.1715,124.3644,China,CN,3385156
Yulinshi,38.2655,109.7388,China,CN,3351436
Changzhi,36.1953,113.097,China,CN,3334565
Qinzhou,21.95,108.6167,China,CN,3304400
Bazhou,31.8576,106.7559,China,CN,3283148
Qincheng,34.5809,105.7311,China,CN,3262549
Zhongshan,22.5333,113.35,China,CN,3260000
Suining,30.5098,105.5737,China,CN,3252619
Leshan,29.5854,103.7575,China,CN,3235759
San Diego,32.8312,-117.1225,United States,US,3220118
Faisalabad,31.418,73.079,Pakistan,PK,3203846
Guang'an,30.4673,106.6336,China,CN,3205476
Tongren,27.7233,109.1885,China,CN,3168800
Bengbu,32.9354,117.3531,China,CN,3164467
Santa Cruz,-17.7892,-63.1975,Bolivia,BO,3151676
Qinhuangdao,39.9398,119.5881,China,CN,3146300
Tongliao,43.6172,122.264,China,CN,3139153
Jinzhou,41.1144,121.1292,China,CN,3126463
Zhenjiang,32.2109,119.4551,China,CN,3113384
Urumqi,43.8225,87.6125,China,CN,3112559
Heyuan,23.7503,114.6923,China,CN,3093900
Jaipur,26.9167,75.8667,India,IN,3073350
Xinzhou,38.4178,112.7233,China,CN,3067501
Wuzhou,23.4833,111.3167,China,CN,3061100
Addis Ababa,9.0272,38.7369,Ethiopia,ET,3041002
Chaoyang,41.5757,120.4486,China,CN,3044641
Brasilia,-15.7939,-47.8828,Brazil,BR,3015268
Mashhad,36.3069,59.6042,Iran,IR,3001184
Shaoguan,24.8011,113.5927,China,CN,2997600
Kuwait City,29.375,47.98,Kuwait,KW,2989000
Shanwei,22.7664,115.3331,China,CN,2993600
Quezon City,14.6333,121.0333,Philippines,PH,2960048
Minneapolis,44.9635,-93.2678,United States,US,2977172
Kyiv,50.45,30.5236,Ukraine,UA,2963199
Sanaa,15.35,44.2,Yemen,YE,2957000
Meishan,30.0575,103.8381,China,CN,2950545
Guatemala City,14.6099,-90.5252,Guatemala,GT,2934841
Incheon,37.4639,126.6486,South Korea,KR,2913024
Ningde,26.6617,119.5228,China,CN,2910000
Tampa,27.9942,-82.4451,United States,US,2908063
Daqing,46.5979,125.008,China,CN,2904532
Putian,25.4394,119.0103,China,CN,2900000
Bandung,-6.95,107.5667,Indonesia,ID,2875673
Surabaya,-7.2458,112.7378,Indonesia,ID,2885555
Salvador,-12.9708,-38.5108,Brazil,BR,2886698
Denver,39.7621,-104.8759,United States,US,2876625
Rome,41.8931,12.4828,Italy,IT,2872800
La Paz,-16.4942,-68.1475,Bolivia,BO,2867504
Hohhot,40.8151,111.6629,China,CN,2866615
Xiangtan,27.8431,112.9228,China,CN,2864800
Pyongyang,39.03,125.73,North Korea,KP,2863000
Taichung,24.15,120.6667,Taiwan,TW,2803894
Weihai,37.5,122.1,China,CN,2804771
Rizhao,35.4164,119.4331,China,CN,2801013
Mudanjiang,44.5861,129.5997,China,CN,2798723
Kaohsiung,22.6167,120.3,Taiwan,TW,2773533
Guayaquil,-2.19,-79.8875,Ecuador,EC,2723665
Tieling,42.2841,123.8365,China,CN,2717732
Cawnpore,26.4725,80.3311,India,IN,2701324
Dingxi,35.5806,104.6263,China,CN,2698624
Taipei,25.0478,121.5319,Taiwan,TW,2684567
Nanping,26.6448,118.1728,China,CN,2690000
Zigong,29.3498,104.7645,China,CN,2678899
Chaozhou,23.67,116.63,China,CN,2656600
Baotou,40.6562,109.8345,China,CN,2650364
Gulou,26.0819,119.2981,China,CN,2606000
Longyan,25.0881,117.0244,China,CN,2640000
Ankang,32.6877,109.0235,China,CN,2629906
Baoshan,25.1211,99.169,China,CN,2627000
Huludao,40.7094,120.8378,China,CN,2623541
Antananarivo,-18.9386,47.5214,Madagascar,MG,2610000
Yanjiang,30.1256,104.6397,China,CN,2593843
Chattogram,22.335,91.8325,Bangladesh,BD,2581643
Santo Domingo,18.4764,-69.8933,Dominican Republic,DO,2581827
Sanming,26.2658,117.6302,China,CN,2580000
Longba,33.535,105.349,China,CN,2567718
Brooklyn,40.6501,-73.9496,United States,US,2559903
Yangjiang,21.8556,111.9627,China,CN,2555600
Jiamusi,46.8081,130.3653,China,CN,2552097
Ibadan,7.3964,3.9167,Nigeria,NG,2550593
Luohe,33.583,114.0109,China,CN,2544266
Lincang,23.8864,100.0871,China,CN,2536000
Medellin,6.2447,-75.5748,Colombia,CO,2529403
Xuanzhou,30.9475,118.7518,China,CN,2532938
Yunfu,22.9242,112.0353,China,CN,2526900
Dubai,25.2697,55.3094,United Arab Emirates,AE,2502715
Mirzapur,25.15,82.58,India,IN,2496970
Tashkent,41.3,69.2667,Uzbekistan,UZ,2497900
Guangyuan,32.4353,105.8398,China,CN,2484122
Cali,3.44,-76.5197,Colombia,CO,2471474
Huangshi,30.2018,115.0326,China,CN,2471700
Ouagadougou,12.3686,-1.5275,Burkina Faso,BF,2453496
Daegu,35.8667,128.6,South Korea,KR,2461002
Fortaleza,-3.7275,-38.5275,Brazil,BR,2452185
Yaounde,3.8578,11.5181,Cameroon,CM,2440462
Douala,4.05,9.7,Cameroon,CM,2446945
Jilin,43.8519,126.5481,China,CN,2396000
Dandong,40.1167,124.3833,China,CN,2444697
Lianshan,40.7523,120.828,China,CN,2426000
Yingkou,40.6653,122.2297,China,CN,2428534
Nagpur,21.1539,79.0831,India,IN,2405665
Omdurman,15.6167,32.48,Sudan,SD,2395159
Bekasi,-6.2333,107,Indonesia,ID,2381053
Ghaziabad,28.6667,77.4167,India,IN,2375820
Yuxi,24.3495,102.5432,China,CN,2386000
Brisbane,-27.4678,153.0281,Australia,AU,2360241
Anshun,26.2456,105.934,China,CN,2353100
Depok,-6.394,106.8225,Indonesia,ID,2330333
Shangzhou,33.868,109.9244,China,CN,2341742
Huainan,32.4831,117.0164,China,CN,2333896
Kuaidamao,41.7302,125.9471,China,CN,2324439
Accra,5.6037,-0.187,Ghana,GH,2291352
Fukuoka,33.6,130.4167,Japan,JP,2280000
Jincheng,35.4906,112.8483,China,CN,2279146
Vancouver,49.25,-123.1,Canada,CA,2264823
Tangerang,-6.1783,106.6319,Indonesia,ID,2237006
Sanmenxia,34.7736,111.195,China,CN,2234018
Laibin,23.7333,109.2333,China,CN,2233900
Queens,40.7498,-73.7976,United States,US,2230722
Qinbaling,35.7278,107.64,China,CN,2211191
Xining,36.6239,101.7787,China,CN,2208708
Ma'anshan,31.6858,118.5101,China,CN,2202899
Yan'an,36.5952,109.4863,China,CN,2187009
Baku,40.3667,49.8352,Azerbaijan,AZ,2181800
Gaoping,30.7824,106.1281,China,CN,2174000
Harare,-17.8292,31.0522,Zimbabwe,ZW,2150000
Havana,23.1367,-82.3589,Cuba,CU,2141652
Phnom Penh,11.5696,104.921,Cambodia,KH,2129371
Ningbo,29.875,121.5492,China,CN,2125500
Mogadishu,2.0408,45.3425,Somalia,SO,2120000
Puning,23.2993,116.1586,China,CN,2118200
Medan,3.6667,98.6667,Indonesia,ID,2109330
Huaibei,33.9562,116.789,China,CN,2114276
Qingyang,24.8141,118.5792,China,CN,2111000
Riverside,33.9381,-117.3948,United States,US,2107852
Baltimore,39.3051,-76.6144,United States,US,2106068
Haiphong,20.8,106.6667,Vietnam,VN,2103500
Las Vegas,36.2333,-115.2654,United States,US,2104198
Chongzuo,22.4167,107.3667,China,CN,2099400
Rawalpindi,33.6007,73.0679,Pakistan,PK,2098231
Kumasi,6.6833,-1.6167,Ghana,GH,2069350
Portland,45.5372,-122.65,United States,US,2074775
Vadodara,22.3,73.2,India,IN,2065771
Hezhou,24.4164,111.5478,China,CN,2072600
Pingliang,35.5412,106.6819,China,CN,2068033
San Antonio,29.4658,-98.5253,United States,US,2049293
Perth,-31.9522,115.8589,Australia,AU,2039200
Vishakhapatnam,17.7333,83.3167,India,IN,2035922
Shengli,37.45,118.4667,China,CN,2035338
Gujranwala,32.15,74.1833,Pakistan,PK,2027001
Baicheng,45.6148,122.832,China,CN,2032356
Fushun,41.8708,123.8917,China,CN,2024000
St. Louis,38.6358,-90.2451,United States,US,2024074
Bamako,12.6458,-7.9922,Mali,ML,2009109
Quito,-0.22,-78.5125,Ecuador,EC,2011388
Minsk,53.9022,27.5618,Belarus,BY,2009786
Indore,22.7206,75.8472,India,IN,1994397
Yinchuan,38.4795,106.2254,China,CN,1993088
Kananga,-5.8961,22.4167,Congo (Kinshasa),CD,1971704
Peshawar,34,71.5,Pakistan,PK,1970042
Sapporo,43.0621,141.3544,Japan,JP,1961690
Esfahan,32.6447,51.6675,Iran,IR,1961260
Caracas,10.5,-66.9333,Venezuela,VE,1943901
Pingxiang,27.6333,113.85,China,CN,1933200
Aleppo,36.2,37.15,Syria,SY,1916781
Tijuana,32.525,-117.0333,Mexico,MX,1922523
Almaty,43.25,76.9,Kazakhstan,KZ,1916822
Vienna,48.2083,16.3725,Austria,AT,1911191
Thane,19.18,72.9633,India,IN,1886941
Sacramento,38.5667,-121.4683,United States,US,1898019
Blantyre,-15.7861,35.0058,Malawi,MW,1895973
Tainan,22.9833,120.1833,Taiwan,TW,1883831
Zhuhai,22.2769,113.5678,China,CN,1891100
Bucharest,44.4,26.0833,Romania,RO,1883425
Curitiba,-25.4297,-49.2719,Brazil,BR,1879355
Multan,30.1978,71.4711,Pakistan,PK,1871843
Xiping,40.082,113.2981,China,CN,1873000
Ecatepec,19.6097,-99.06,Mexico,MX,1857188
Jixi,45.2937,130.965,China,CN,1862165
Saidu Sharif,34.75,72.3572,Pakistan,PK,1860310
Liaoyang,41.2643,123.1772,China,CN,1858768
Hamburg,53.55,10,Germany,DE,1852478
Meru,0.05,37.65,Kenya,KE,1833000
Brazzaville,-4.2667,15.2833,Congo (Brazzaville),CG,1827000
Orlando,28.4772,-81.3369,United States,US,1822394
Fuxin,42.0127,121.6486,China,CN,1819339
Wuwei,37.9278,102.6329,China,CN,1815059
Manaus,-3.1,-60.0167,Brazil,BR,1802014
Bhopal,23.25,77.4167,India,IN,1798218
San Jose,37.3019,-121.8486,United States,US,1798103
Warsaw,52.23,21.0111,Poland,PL,1790658
Lubumbashi,-11.6697,27.4581,Congo (Kinshasa),CD,1786397
Davao,7.0667,125.6,Philippines,PH,1776949
Haikou,20.02,110.32,China,CN,1776141
Damascus,33.5131,36.2919,Syria,SY,1754000
Shuyangzha,34.1299,118.7734,China,CN,1770000
Brussels,50.8353,4.3314,Belgium,BE,1743000
Lusaka,-15.4167,28.2833,Zambia,ZM,1742979
Hyderabad City,25.3792,68.3683,Pakistan,PK,1732693
Budapest,47.4983,19.0408,Hungary,HU,1723836
Shuozhou,39.3408,112.4292,China,CN,1714857
Cleveland,41.4767,-81.6804,United States,US,1710093
Benxi,41.292,123.761,China,CN,1709538
Baiyin,36.5448,104.1766,China,CN,1708751
Pittsburgh,40.4396,-79.9762,United States,US,1703266
Patna,25.61,85.1414,India,IN,1684222
Mosul,36.3667,43.1167,Iraq,IQ,1694000
Caloocan City,14.65,120.9667,Philippines,PH,1661584
Austin,30.3004,-97.7522,United States,US,1687311
Sanzhou,30.82,108.4,China,CN,1680000
Beihai,21.4667,109.1,China,CN,1680000
Mecca,21.4225,39.8261,Saudi Arabia,SA,1675368
Heihe,50.2458,127.4886,China,CN,1673899
Jingdezhen,29.2942,117.2036,China,CN,1673200
Conakry,9.538,-13.6773,Guinea,GN,1667864
Kampala,0.3136,32.5811,Uganda,UG,1659600
Cincinnati,39.1413,-84.5061,United States,US,1662691
Recife,-8.0539,-34.8808,Brazil,BR,1653461
Yushan,31.3867,120.9766,China,CN,1651200
Zhongli,24.965,121.2168,Taiwan,TW,1632616
Kansas City,39.1239,-94.5541,United States,US,1636715
Manhattan,40.7834,-73.9662,United States,US,1628706
Bilaspur,22.15,82.0167,India,IN,1625502
Semarang,-6.9667,110.4167,Indonesia,ID,1621384
Ludhiana,30.9083,75.8486,India,IN,1618879
Novosibirsk,55.0333,82.9167,Russia,RU,1602915
Chengtangcun,35.0833,117.15,China,CN,1603659
Agra,27.1724,78.0131,India,IN,1592000
Karaj,35.8327,50.9915,Iran,IR,1592492
Wenzhou,27.9991,120.6561,China,CN,1588700
Indianapolis,39.7771,-86.1458,United States,US,1588961
Leon de los Aldama,21.1167,-101.6833,Mexico,MX,1579803
Puebla,19.0333,-98.1833,Mexico,MX,1576259
Kalyan,19.2502,73.1602,India,IN,1576614
Madurai,9.9197,78.1194,India,IN,1561129
Mbuji-Mayi,-6.1209,23.5967,Congo (Kinshasa),CD,1559073
Hebi,35.7497,114.2887,China,CN,1569208
Shiraz,29.61,52.5425,Iran,IR,1565572
Jamshedpur,22.8,86.1833,India,IN,1558000
Columbus,39.9862,-82.985,United States,US,1562009
Tabriz,38.0833,46.2833,Iran,IR,1558693
Maracaibo,10.6333,-71.6333,Venezuela,VE,1551539
Kawasaki,35.5167,139.7,Japan,JP,1539522
Aba,5.1167,7.3667,Nigeria,NG,1530000
Palembang,-2.9833,104.7644,Indonesia,ID,1535952
Zhangjiajie,29.1255,110.4844,China,CN,1537900
Kobe,34.6913,135.183,Japan,JP,1513193
Charlotte,35.208,-80.8304,United States,US,1512923
Changshu,31.65,120.7333,China,CN,1510100
Lianjiang,21.6146,110.2794,China,CN,1509400
Ximeicun,24.9633,118.3811,China,CN,1508000
Jianguang,28.1958,115.7833,China,CN,1507402
Yucheng,29.9888,103.0007,China,CN,1507258
Belem,-1.4558,-48.5039,Brazil,BR,1499641
Guiping,23.4,110.0833,China,CN,1496904
Leizhou,20.9147,110.0806,China,CN,1494700
Gwangju,35.1667,126.9167,South Korea,KR,1490092
Munich,48.1375,11.575,Germany,DE,1488202
Nasik,20,73.7833,India,IN,1486053
Porto Alegre,-30.0328,-51.23,Brazil,BR,1484941
Valencia,10.1667,-68,Venezuela,VE,1484430
Onitsha,6.1667,6.7833,Nigeria,NG,1483000
Abu Dhabi,24.4511,54.3969,United Arab Emirates,AE,1483000
Virginia Beach,36.7335,-76.0435,United States,US,1478868
Daejeon,36.351,127.385,South Korea,KR,1475221
Zapopan,20.7167,-103.4,Mexico,MX,1476491
Yekaterinburg,56.8356,60.6128,Russia,RU,1468833
Huazhou,32.6832,112.079,China,CN,1468061
Kyoto,35.0117,135.7683,Japan,JP,1464890
Shuangyashan,46.6388,131.1545,China,CN,1462626
Pizhou,34.3422,118.0097,China,CN,1458038
El Kelaa des Srarhna,32.05,-7.4,Morocco,MA,1450021
Kharkiv,50,36.2292,Ukraine,UA,1446107
Yangshe,31.8775,120.5512,China,CN,1432044
Guyuan,36.008,106.2782,China,CN,1426000
Khulna,22.8167,89.55,Bangladesh,BD,1400689
Muscat,23.6139,58.5922,Oman,OM,1421409
Bronx,40.8501,-73.8662,United States,US,1418207
Gaozhou,21.9135,110.8481,China,CN,1414100
Chizhou,30.6583,117.4849,China,CN,1402518
Faridabad,28.4353,77.3147,India,IN,1394000
Ulaanbaatar,47.9214,106.9055,Mongolia,MN,1396288
Goiania,-16.6806,-49.2564,Brazil,BR,1393575
Fuqing,25.7232,119.3735,China,CN,1390487
Belgrade,44.8167,20.4667,Serbia,RS,1378682
Pingdu,36.7833,119.9556,China,CN,1378900
Milan,45.4669,9.19,Italy,IT,1366180
Aurangabad,19.88,75.32,India,IN,1371330
Yutan,28.3147,112.554,China,CN,1368117
Milwaukee,43.0642,-87.9673,United States,US,1365787
Huangshan,29.7132,118.3151,China,CN,1358980
Auckland,-36.85,174.7833,New Zealand,NZ,1346091
Makassar,-5.1331,119.4136,Indonesia,ID,1338663
Santiago,19.45,-70.7,Dominican Republic,DO,1343423
Prague,50.0833,14.4167,Czechia,CZ,1335084
Rajkot,22.2969,70.7984,India,IN,1335397
Liangshi,27.2578,111.7351,China,CN,1335900
Cordoba,-31.4167,-64.1833,Argentina,AR,1329604
Guarulhos,-23.4667,-46.5333,Brazil,BR,1324781
Al Basrah,30.515,47.81,Iraq,IQ,1326564
Saitama,35.8617,139.6453,Japan,JP,1320571
Juarez,31.7386,-106.487,Mexico,MX,1321004
Montevideo,-34.8667,-56.1667,Uruguay,UY,1319108
Xintai,35.91,117.78,China,CN,1315942
Wusong,30.9333,117.7667,China,CN,1311726
Meerut,28.99,77.7,India,IN,1305429
Yushu,44.8249,126.5451,China,CN,1304436
Rongcheng,26.2312,104.0966,China,CN,1302891
Huazhou,21.654,110.6294,China,CN,1302100
Yangquan,37.8576,113.5762,China,CN,1300000
Adelaide,-34.9275,138.6,Australia,AU,1295714
Baishan,41.9377,126.4179,China,CN,1296127
Dayan,26.8808,100.2208,China,CN,1296000
Haicheng,40.8523,122.7474,China,CN,1293877
Jiangyin,31.9087,120.2653,China,CN,1285785
Huaiyin,33.5819,119.028,China,CN,1264000
Wuzhong,37.9874,106.1919,China,CN,1284000
Cacuaco,-8.7833,13.3667,Angola,AO,1279488
Barranquilla,10.9639,-74.7964,Colombia,CO,1274250
Sofia,42.6979,23.3217,Bulgaria,BG,1277411
Soweto,-26.2678,27.8586,South Africa,ZA,1271628
Jabalpur,23.1667,79.9333,India,IN,1267564
Rucheng,32.3852,120.5634,China,CN,1267066
Nizhniy Novgorod,56.3269,44.0075,Russia,RU,1264075
Shaoyang,32.9387,119.8404,China,CN,1253548
Dhanbad,23.7928,86.435,India,IN,1246000
Comayaguela,14.0833,-87.2167,Honduras,HN,1250000
Laiwu,36.1833,117.6667,China,CN,1248636
Sharjah,25.3575,55.3919,United Arab Emirates,AE,1247749
Jingling,30.6667,113.1667,China,CN,1247400
Kazan,55.7908,49.1144,Russia,RU,1243500
Suwon,37.2858,127.01,South Korea,KR,1234300
Yongcheng,33.9317,116.4459,China,CN,1240382
Calgary,51.05,-114.0667,Canada,CA,1239220
Can Tho,10.0333,105.7833,Vietnam,VN,1237300
Abuja,9.0556,7.4914,Nigeria,NG,1235880
Mandalay,21.9831,96.0844,Myanmar,MM,1225546
Beidao,34.602,105.918,China,CN,1225000
Xiangshui,26.5964,104.8314,China,CN,1221000
Dadukou,26.5849,101.7149,China,CN,1214121
Vila Velha,3.2167,-51.2167,Brazil,BR,1209091
Chelyabinsk,55.15,61.4,Russia,RU,1202371
Mombasa,-4.05,39.6667,Kenya,KE,1200000
Providence,41.823,-71.4187,United States,US,1203230
Varanasi,25.3189,83.0128,India,IN,1198491
Qom,34.64,50.8764,Iran,IR,1201158
Zhangye,38.9355,100.4553,China,CN,1199515
Hiroshima,34.4,132.45,Japan,JP,1198021
Maiduguri,11.8333,13.15,Nigeria,NG,1197497
Maputo,-25.9153,32.5764,Mozambique,MZ,1191613
Doha,25.3,51.5333,Qatar,QA,1186023
Rosario,-32.9575,-60.6394,Argentina,AR,1193605
Pikine,14.75,-17.4,Senegal,SN,1170791
Xinyu,27.795,114.9242,China,CN,1186700
Ahvaz,31.3203,48.6692,Iran,IR,1184788
Jacksonville,30.3322,-81.6749,United States,US,1181496
Medina,24.4667,39.6,Saudi Arabia,SA,1180770
Srinagar,34.0911,74.8061,India,IN,1180570
Omsk,54.9667,73.3833,Russia,RU,1178391
Liaoyuan,42.8976,125.1381,China,CN,1176239
Cilacap,-7.7167,109.017,Indonesia,ID,1174964
Yingtan,28.2333,117,China,CN,1175000
Bandar Lampung,-5.4294,105.2625,Indonesia,ID,1166761
Samara,53.1833,50.1167,Russia,RU,1169719
Guankou,28.2363,113.6984,China,CN,1168056
Ulsan,35.55,129.3167,South Korea,KR,1166033
Dingzhou,38.5158,114.9845,China,CN,1165182
Campinas,-22.9009,-47.0573,Brazil,BR,1164098
Lianyuan,27.6961,111.6659,China,CN,1162928
Dakar,14.7319,-17.4572,Senegal,SN,1146053
Rongcheng,29.8239,112.9019,China,CN,1162770
Kaiyuan,36.0656,113.8153,China,CN,1160000
Nay Pyi Taw,19.7475,96.115,Myanmar,MM,1160242
Kigali,-1.9536,30.0606,Rwanda,RW,1156663
Leiyang,26.4179,112.8457,China,CN,1151554
Yichun,47.7235,128.8893,China,CN,1148126
Benin City,6.3176,5.6145,Nigeria,NG,1147188
Birmingham,52.48,-1.9025,United Kingdom,GB,1137100
Xiantao,30.3833,113.4,China,CN,1140100
Amritsar,31.6269,74.877,India,IN,1132383
Callao,-12.0611,-77.1333,Peru,PE,1129854
Monterrey,25.6667,-100.3,Mexico,MX,1135512
Aligarh,27.88,78.08,India,IN,1131160
Yingchuan,34.1511,113.4733,China,CN,1131896
Ciudad Nezahualcoyotl,19.41,-99.03,Mexico,MX,1109363
Tripoli,32.8752,13.1875,Libya,LY,1126000
Nampo,38.7689,125.4505,North Korea,KP,1127000
Rostov,47.2333,39.7167,Russia,RU,1125299
Tegucigalpa,14.0942,-87.2067,Honduras,HN,1126534
Tbilisi,41.7225,44.7925,Georgia,GE,1118035
Guwahati,26.1722,91.7458,India,IN,1116267
Ufa,54.7261,55.9475,Russia,RU,1115560
Fes,34.0433,-5.0033,Morocco,MA,1112072
Bien Hoa,10.9508,106.8221,Vietnam,VN,1104000
N'Djamena,12.11,15.05,Chad,TD,1092066
Ikare,7.5304,5.76,Nigeria,NG,1099931
Salt Lake City,40.7777,-111.9306,United States,US,1098526
Bhilai,21.2186,81.4314,India,IN,1097000
Haora,22.5736,88.3251,India,IN,1077075
Tamale,9.4075,-0.8533,Ghana,GH,1095808
Xibeijie,39.737,98.5049,China,CN,1095947
Copenhagen,55.6805,12.5615,Denmark,DK,1085000
Nezahualcoyotl,19.4,-98.9889,Mexico,MX,1077208
Hanchuan,30.652,113.8274,China,CN,1092700
Gongzhuling,43.5036,124.8088,China,CN,1092692
Krasnoyarsk,56.0089,92.8719,Russia,RU,1083865
Cologne,50.9422,6.9578,Germany,DE,1083498
Yicheng,31.3697,119.8239,China,CN,1082929
Zhufeng,36,119.4167,China,CN,1081960
Sao Goncalo,-22.8269,-43.0539,Brazil,BR,1077687
Nashville,36.1715,-86.7843,United States,US,1081903
Yerevan,40.1814,44.5144,Armenia,AM,1075800
Nur-Sultan,51.1333,71.4333,Kazakhstan,KZ,1078362
Nouakchott,18.0858,-15.9785,Mauritania,MR,1077169
Vereeniging,-26.6736,27.9319,South Africa,ZA,1074000
Richmond,37.5295,-77.4756,United States,US,1075798
Sao Luis,-2.53,-44.3028,Brazil,BR,1073893
Ranchi,23.3556,85.3347,India,IN,1073440
San Pedro Sula,15.5,-88.0333,Honduras,HN,1073824
Taixing,32.1724,120.0142,China,CN,1073921
Gwalior,26.215,78.1931,India,IN,1069276
Memphis,35.1046,-89.9773,United States,US,1066967
Goyang,37.6564,126.835,South Korea,KR,1061929
Bezwada,16.5167,80.6167,India,IN,1048240
Edmonton,53.5344,-113.4903,Canada,CA,1062643
Bishkek,42.8667,74.5667,Kyrgyzstan,KG,1053900
Mizhou,35.99,119.3801,China,CN,1060000
Tunis,36.8008,10.18,Tunisia,TN,1056247
Xishan,27.6609,113.4946,China,CN,1060000
Ezhou,30.3972,114.8842,China,CN,1059700
Barquisimeto,10.0678,-69.3467,Venezuela,VE,1059092
Sendai,38.2683,140.8694,Japan,JP,1058070
Hegang,47.3139,130.2775,China,CN,1058665
Kathmandu,27.7167,85.3667,Nepal,NP,975453
Mexicali,32.6633,-115.4678,Mexico,MX,1049792
Voronezh,51.6717,39.2106,Russia,RU,1047549
Perm,58.0139,56.2489,Russia,RU,1048005
Changwon,35.2281,128.6811,South Korea,KR,1046054
Zhongwei,37.5139,105.1884,China,CN,1046000
Shouguang,36.8833,118.7333,China,CN,1039205
Bogor,-6.5917,106.8,Indonesia,ID,1030720
Raleigh,35.8325,-78.6435,United States,US,1038738
Cartagena,10.4236,-75.5253,Colombia,CO,1036412
Chandigarh,30.7353,76.7911,India,IN,1026459
Matola,-25.9667,32.4667,Mozambique,MZ,1032197
Jodhpur,26.2944,73.0278,India,IN,1033918
Ogbomoso,8.1333,4.25,Nigeria,NG,1032000
Shymkent,42.3,69.6,Kazakhstan,KZ,1028673
Niamey,13.5086,2.1111,Niger,NE,1026848
Taizhou,28.6583,121.4221,China,CN,1030200
Managua,12.15,-86.2667,Nicaragua,NI,1028808
Bagam,1.0678,104.0167,Indonesia,ID,1029808
Shubra al Khaymah,30.1286,31.2422,Egypt,EG,1025569
Maceio,-9.6658,-35.735,Brazil,BR,1025360
Monrovia,6.3106,-10.8047,Liberia,LR,1021762
Wafangdian,39.6271,121.9972,China,CN,1024876
Zhongxiang,31.169,112.5853,China,CN,1022514
Odesa,46.4775,30.7326,Ukraine,UA,1017699
Port-au-Prince,18.5425,-72.3386,Haiti,HT,987310
New Orleans,30.0687,-89.9288,United States,US,1020886
Villahermosa,17.9892,-92.9281,Mexico,MX,1013484
Thu Duc,10.7924,106.7518,Vietnam,VN,1013795
Volgograd,48.7086,44.5147,Russia,RU,1015586
Mysore,12.3086,76.6531,India,IN,1014227
Islamabad,33.6989,73.0369,Pakistan,PK,1014825
Xinyi,22.3559,110.9369,China,CN,1013900
Raipur,21.2379,81.6337,India,IN,1010087
Arequipa,-16.3988,-71.5369,Peru,PE,1008290
Port Harcourt,4.75,7,Nigeria,NG,1005904
Louisville,38.1663,-85.6485,United States,US,1005654
Zaoyang,32.1287,112.7581,China,CN,1004741
Shuizhai,33.4433,114.8994,China,CN,1003698
Xingyi,25.091,104.9011,China,CN,1004132
Kota,25.18,75.83,India,IN,1001694
Quetta,30.192,67.007,Pakistan,PK,1001205
